x1,x2,x3,x4,x5,x6,x7,x8,x9,x10,x11,x12,x13,x14,x15,x16,x17,x18,y_real,y_class
75.73072796,27.04423904,66.63671188,28.62620734,88.09898221,81.93195356,59.97315131,7.489598014,26.12861817,21.18452364,62.64306791,67.90207846,99.62778085,87.91991487,82.70897159,0.953570775,11.79511434,56.46105083,32.07188835,a
51.43623085,29.53504871,12.79150989,49.3645379,81.82833929,56.77287441,29.94822646,17.89156556,3.7141808,93.34081428,41.575908,95.53823728,95.70506387,81.80385119,9.607206832,49.61039633,43.6720142,67.4889073,44.27296138,a
1.154559288,27.22519997,10.9155127,90.57336563,0.003953946,97.59472521,8.943900921,95.72803934,45.77952493,15.8307661,65.93623323,26.77521543,36.85854979,79.00656083,32.25239998,16.62553768,18.72646244,80.91358793,28.92170672,a
90.3449657,52.97040919,1.28325969,27.20252656,87.8542072,55.06433856,51.89308778,8.648290708,68.84983938,44.49851338,88.56621657,59.76896678,4.139678968,0.710076921,70.07463864,91.91108745,10.36651011,31.80144762,28.6326795,a
10.4529042,8.87290305,14.94699748,23.34397827,0.218710831,31.72634201,73.74934408,60.52302213,86.75995238,23.14205384,82.87244194,83.14287166,39.51039037,11.06901942,20.02848098,55.52941333,82.98488038,42.32326057,79.02050262,a
66.60005328,73.40332568,97.92140222,37.29503831,88.12095258,52.43048894,92.75437201,15.99644374,76.21951667,0.620384561,81.04492561,14.17156791,86.24412275,0.053393079,17.60602918,10.06166569,37.72760619,14.48524935,99.6403482,a
60.18182692,56.49233139,84.94844605,24.49806705,96.13602071,8.875135738,31.77647535,71.44312879,79.46855863,59.76025244,90.94371435,65.8316603,18.20419052,48.0111245,30.22628948,73.96394927,99.33409333,12.15475796,99.36001846,a
11.5083218,86.39157598,73.52063882,88.00070022,8.127657698,38.58667373,15.24987202,77.9278925,12.42228076,65.10775611,90.09854127,87.81191376,47.35112221,34.43608254,39.67826193,66.03633974,0.516056249,34.14369235,14.03313903,a
66.26950005,98.82699792,23.62434526,18.61621379,14.45397453,80.55388857,60.92928847,51.56475461,12.41771548,61.54533075,50.72070693,40.35887893,55.61990564,60.17331178,24.25216493,8.920763188,97.42469401,24.28662286,70.70482343,a
92.71076412,82.01843926,61.77806798,93.54976358,0.628557051,95.85954585,18.28327153,76.34258104,33.18304768,59.27712575,25.28214423,84.72961103,86.78668222,99.45684097,21.89898778,79.47406389,95.25220782,9.669721127,69.83090761,a
37.47846269,50.92407827,67.28030791,52.23731528,27.97579661,87.51482857,36.94980428,75.11710627,80.50159964,52.568125,81.55981903,68.97742846,57.86118914,30.72141075,10.52732912,8.928684755,46.36927854,10.06793291,21.38511198,a
12.35521785,39.23993349,67.94360955,14.62817685,67.86287948,34.36186882,38.95534267,50.51116157,96.07332692,82.48540651,78.17210328,67.67439973,39.82878959,16.13455055,77.62818429,64.96766856,11.8522212,96.97418027,86.46219771,a
47.83489797,81.01909074,77.53341072,39.53929687,97.7982754,96.97001687,41.52090023,12.27601339,59.99522178,95.25244413,46.03019713,63.18189206,48.66101204,17.29812121,53.27303035,81.41026476,80.78054704,36.26194959,54.91140597,a
4.269447392,46.63249456,45.25552373,5.548830285,29.88719802,80.06909789,47.52925352,73.93100182,67.93995745,73.88881408,77.99385908,15.49137563,51.79033118,94.32851444,0.023410705,49.78903177,99.38310352,52.74105274,35.55632955,a
52.06228398,55.08885505,57.89297507,83.63853888,55.90621249,7.886295826,61.8042739,43.31334936,26.80094243,75.4322306,25.80780832,68.39116671,36.44522995,88.44437044,90.28816523,82.99095861,17.06704319,32.38124094,74.69136604,a
77.84641565,99.1659666,28.94636668,49.7297718,71.63765077,82.54017988,20.1271157,84.85358376,84.32165342,8.873937611,79.53154067,58.54210777,41.5922157,91.31100116,92.53898799,20.98450275,94.12028061,38.06198225,12.44355417,a
99.42177102,90.97450713,30.8911888,1.814787803,53.58019793,64.57501267,82.81081814,50.79168979,59.88778972,79.90166118,46.45562996,98.26064301,40.66399203,82.33732899,42.58836168,74.13923123,88.2703827,22.29314916,4.889871802,a
45.32997186,44.52087497,35.48795662,9.522046138,76.82509847,64.09856671,62.08260014,64.12489677,55.18533126,2.281660511,57.53760943,68.99875118,41.62308566,65.62853089,61.60920555,95.83780486,93.25774603,23.99291775,40.12065504,a
41.92403703,73.50179258,19.42701502,95.13211256,8.008825766,99.63689302,77.74035974,35.8429795,37.31752576,15.96237849,88.95468957,22.43197728,96.26876811,89.94936767,0.878312634,99.1665697,21.8656447,28.88121904,93.29860026,a
2.288071222,42.75281891,14.87003295,35.21663825,74.66124991,63.0771637,29.43873405,73.22266874,19.66709106,67.80602597,59.49597605,13.26645361,45.15083495,92.68410957,44.7539648,67.10520187,80.41011464,24.72098663,51.3677076,a
56.43310057,81.03495171,29.98174708,88.87575897,57.74334169,83.25635709,67.39348205,81.87254136,70.48639469,8.677208995,14.92936286,16.74226693,45.02746456,89.2166565,37.42865408,47.15949088,77.20198955,45.78526238,51.93498951,b
63.05227451,95.26321849,61.32494557,32.70404591,72.85615214,65.32058671,16.72572603,93.85797368,31.0311093,7.476078114,10.24726925,25.06922289,43.87039083,95.5829095,89.75803393,94.48078866,68.83179238,24.66372022,37.90180398,b
62.38494329,8.592787954,85.24942797,71.20526455,68.67940346,12.15545431,91.33735429,86.11241085,68.27968121,96.43116425,13.44946064,56.45708131,53.07096428,87.84524775,23.09218562,65.92879366,57.14639695,98.23092281,42.029522,b
60.84840375,41.02378903,80.67255872,55.22463767,99.08551541,6.993021708,83.56496401,56.50363078,16.44335902,9.745700551,70.63397516,19.25735835,90.5527544,96.94476736,19.56476004,87.78683313,18.32198604,49.28058334,25.9828934,b
84.64845387,12.24177612,92.96220989,15.46976064,31.0111343,85.64933803,12.40818163,90.77147389,84.69131361,70.69070284,13.39104506,16.37478561,85.90394659,45.40170537,7.210864471,31.56821017,88.81007826,51.45279444,35.6475215,b
17.683517,13.83600157,34.03318678,39.35991924,43.10566687,20.27554219,14.1216192,60.19323096,38.09084488,81.87038439,99.11780353,63.41149988,93.67838921,95.33281066,94.71993652,83.10443016,65.43898267,16.46713356,10.15293105,b
55.39006176,78.20362289,42.93769459,99.08281447,17.04453725,73.43100621,44.81373873,33.06618264,21.41094109,62.65431937,8.385853052,46.59657436,18.28751296,30.13258056,65.01051847,12.12843856,29.09104973,76.7703899,57.53981031,b
67.73519005,61.5431243,74.28665198,18.28199714,5.673799363,45.4220893,84.52709651,80.48458195,55.56625954,83.49433534,94.40231144,74.64882799,82.52608115,5.82158092,86.05038943,59.03598876,19.93296388,81.63519701,74.73889422,b
67.73906147,97.71570103,0.508770165,82.36192388,55.88703948,2.439821321,60.39598856,73.63684454,23.46298198,5.00305115,18.6996781,76.54619503,97.93936648,83.2869446,23.29706088,99.81409058,44.48730377,5.568787413,41.21765754,b
48.16060514,37.31467664,13.1683984,47.54752558,34.39409796,62.50361951,15.8349295,60.19761935,34.89204856,66.17917123,68.10059814,73.06493124,50.82611114,73.16220661,74.10460067,16.84194291,67.63920132,34.09126587,49.46800987,b
86.00580686,43.19237076,23.99626191,30.61924688,97.33419104,90.04960828,15.02086836,94.05523622,17.81620536,71.32399487,26.82296787,5.281522725,89.60952483,30.35414352,19.12119876,92.99842114,39.95626618,13.57893261,96.03709352,b
70.63373525,21.91247217,11.08150941,24.94674696,74.18701569,60.34039354,45.14516439,44.25683303,93.23492388,24.10772505,57.12225789,32.26699052,49.93978614,37.71411809,92.77988732,37.29672335,7.066873829,71.07377334,79.37187413,b
44.95212341,54.31117436,96.90513684,39.49119829,87.61726524,25.37270427,34.05262472,5.745922271,97.7670115,19.1554341,92.20721178,77.14992669,81.63633758,31.07677363,18.71944874,9.886437831,64.27452767,44.99053176,11.44525984,b
52.69569255,80.59684986,10.97616328,72.3314376,48.09206538,78.10474868,54.34598181,71.96551901,96.70308199,15.41697005,64.99147036,46.10367072,22.86278822,16.34936836,79.69825538,42.58742609,32.80763691,40.50132134,14.06594539,b
12.73902749,9.850975079,29.25599978,31.38686817,30.83909307,92.31944704,80.39336856,6.429618097,16.95605726,27.18299728,54.99102155,68.577194,53.23773888,6.181583478,87.27230894,29.27067379,65.94131674,58.41378706,77.16877634,b
91.08210506,25.97213617,10.49855125,80.81841754,52.40301293,77.63144245,88.18997128,58.78644221,50.52806365,87.41090994,9.05089616,62.42945645,34.50422706,16.49486117,76.1350444,90.04872388,80.52201907,9.445477767,79.45025403,b
49.79933433,43.95712903,70.2277196,2.271779104,51.50325851,30.40567781,33.54511192,83.31826377,85.94198751,94.32117749,78.23116519,25.31287393,64.83687219,81.94198413,23.57852578,44.98787908,3.183533826,17.69566804,94.49276704,b
30.64311681,68.28701552,48.49664557,53.11094826,21.60629329,17.13728291,0.727554519,46.93345396,63.10002921,68.25078253,54.3663594,11.48261733,42.32551356,63.25006924,7.7516976,17.63435518,20.40431194,95.83200383,62.19052463,b
56.00190837,36.27038299,57.56350119,15.08500856,31.01168505,68.15212437,78.47665156,0.80345266,23.99129515,93.03058455,79.9520569,40.46335302,7.771816398,43.26229552,85.25567259,4.96477887,82.23772367,7.636678305,97.12788083,b
22.66431296,95.62595535,65.12390297,76.08433789,25.34337753,43.66466613,85.28785657,65.16593342,86.2257179,13.17282277,49.2985655,36.97668541,5.4723963,59.5164243,52.5000594,1.826814169,39.38326937,83.48163816,77.09848555,b
66.99446806,38.96760561,52.79077308,41.2189082,42.72732967,35.36135475,3.713961383,68.96743004,98.89329641,76.0151907,70.27837107,92.40833396,79.14856671,83.57977141,1.468125454,92.14948266,92.00116907,9.630790292,0.924954106,b
22.89014296,36.80085376,49.38538289,96.25063784,87.34356841,5.377654468,42.2479636,68.25650927,73.29712903,2.674141416,24.32227992,68.06057497,15.08641495,1.273895441,78.97488551,49.66990115,26.69868817,0.902051063,71.53427234,b
44.62241758,11.19572586,10.82037006,52.15667286,11.02213727,85.72242474,98.02316409,72.68458765,82.96205607,51.1927427,68.37321435,43.94511786,64.31554102,27.92990377,12.8876222,24.13263839,35.7109693,4.17031207,24.58373679,b
61.29221995,83.14548787,22.23166697,86.60396741,33.65599021,6.907121189,30.26893842,5.217565802,69.52114681,15.06566031,35.55513655,4.093848103,67.13749442,98.19775118,97.41271061,45.82479528,33.19217412,27.44019237,35.09229528,b
32.52981561,41.25187882,48.83403223,0.097311705,21.46567133,49.71355288,94.85674549,15.71909589,84.70635381,11.01393948,65.39971615,36.58966781,42.36495764,30.82126572,17.38396722,49.55345649,85.61461772,30.20679207,12.13821918,b
61.68706031,38.34864961,23.33521221,59.07602805,35.23418237,45.53904577,81.89567816,30.24618997,82.82488703,59.38872508,42.2220763,65.65898057,47.02630516,24.57255506,58.34926051,83.13535618,26.66865109,85.96293221,55.32102427,b
17.71724059,7.736332853,77.77455833,62.61926444,68.35754556,86.14456344,38.31535452,34.77236335,12.61695759,50.04043586,47.54056533,4.559508778,1.306874088,49.06987137,72.74777833,43.62320697,30.99371044,77.31285242,22.20448899,b
49.67886814,87.5010577,70.98578143,39.60743286,33.36995744,23.55913406,23.28674909,99.43762374,56.22940017,8.122842198,67.95753562,25.29217481,62.49944159,65.54474357,58.96661282,47.52934118,14.83059836,91.2745352,7.737441492,b
41.0835004,75.55724159,23.12903426,11.77929227,10.50580127,4.945335963,27.49438476,86.36642212,79.64195762,54.81253558,43.14250675,23.44146585,7.213436643,27.37799345,96.00928448,12.89577088,58.04652142,84.55581617,67.56008697,b
13.47670968,39.47047841,60.69494583,38.62716404,10.74215985,71.26003285,50.12780921,48.89981057,2.455057021,4.69598955,25.43431295,74.84115307,57.91210103,55.4496907,7.592264482,95.09582875,64.62625523,39.82167999,61.68781746,c
5.312155913,68.49610363,33.62657341,59.09322568,70.23007577,18.3744791,8.371140253,17.33032443,95.96885157,52.97583948,95.81594627,82.11760425,23.63570567,36.43444988,26.21779071,99.4424912,74.17019186,40.83488305,31.10582866,c
34.86910945,50.76925846,89.13895895,88.25525362,90.84140363,37.59371488,12.16708402,37.1867134,9.075325055,55.25421063,88.13231608,49.93356652,24.96246046,43.93297681,59.4966475,58.24099581,86.2983653,78.25493189,22.02086152,c
7.796350192,38.41062193,9.343731841,99.10979099,16.65875187,93.09423727,96.20885924,78.50123898,76.37585322,82.59514624,77.88141615,12.17711884,88.63058854,74.27423196,3.84467271,97.99151366,88.47306431,54.76201246,64.06634854,c
4.449058805,33.88615708,26.59393626,79.49097066,16.81175967,96.69039686,2.26382577,11.29678305,18.99087171,40.39824666,63.95337201,64.5988314,45.05239573,16.13337533,75.66696558,33.45810207,4.616575071,30.71134767,60.1002416,c
74.41031795,92.89777585,71.11898082,50.99936151,70.67487854,22.36678517,11.30934746,97.07709611,12.9107134,33.19597961,22.68441299,91.97403179,77.35050175,48.00265585,3.682089045,55.73320254,4.767981572,49.09618004,11.10269015,c
27.78384799,72.42409864,26.88045625,24.11216637,26.599332,21.82122532,40.85377805,68.38302834,80.17988961,35.59682042,54.69622046,54.39273906,22.52734188,55.41377291,42.30674895,87.0678336,62.48923933,34.12083456,55.47319571,c
39.07515892,23.87153707,73.34469615,85.36346037,51.95715353,73.35053725,0.279782738,14.00558798,95.79117657,38.05279286,19.53336748,92.01569185,42.38734282,48.94007945,90.46607564,54.94515015,91.11773375,54.00180407,66.94705965,c
58.43196323,23.7451448,86.35352877,25.66168326,12.24430576,82.63136232,48.20332557,96.14679775,61.90921948,4.497230442,66.32277374,21.55232363,56.45317071,89.58257782,57.88134465,36.25959038,86.38981802,31.73350502,1.36851245,c
31.17736067,0.848474048,26.33658199,21.58468067,65.32804199,65.54304284,62.61881985,31.76753299,70.21062556,63.22725373,80.13398645,92.56508174,47.90407989,31.13023618,43.14436604,7.757729254,22.94444638,99.46932968,12.50993369,c
91.93745812,63.00480928,44.05133528,62.19724625,60.04873722,12.51514447,22.50441058,61.19985802,58.51142891,86.47296346,34.01009082,57.37219808,68.97188131,85.28913815,73.95740859,68.33573217,77.67372921,27.62168061,98.90260686,c
31.23499079,26.54795117,43.78857605,24.50406931,85.84563474,5.161522477,96.33190445,3.462513608,80.44979311,18.76526168,34.42430922,85.24499567,88.15598368,37.4836915,2.238285016,97.6850615,68.45830599,49.44517908,22.53258215,c
20.68756813,3.369229522,58.26350809,17.85605242,54.02910728,93.66032639,83.36936022,56.38100279,35.9452743,91.15278726,42.1126542,0.696664609,98.48491585,89.24831577,14.67928601,65.49294123,47.31596674,84.17863695,66.06464916,c
71.80534547,83.08202762,69.50963788,33.80593219,49.33626739,95.95764529,79.2177042,17.69151514,56.11137625,90.6214662,49.47285405,49.5074925,24.37653968,69.90527685,4.290379375,66.68970348,65.8388783,14.48518342,91.06347874,c
82.78583093,41.5249245,99.25934035,32.33549831,52.458491,67.81455849,98.04933167,74.16604215,55.19474498,16.0326361,19.92788753,64.2974036,5.619311571,92.90583458,0.280790152,1.960505099,70.79036137,65.68173273,53.57803725,c
64.73263485,37.23863739,4.317612732,1.423934636,88.1387923,90.60111276,83.52696264,78.47149349,54.95073674,98.52818198,82.55094168,77.64392951,47.98746569,45.39911803,86.26555877,49.08055374,62.5633197,79.05179124,58.77672805,c
99.58311323,89.26494351,9.650874502,13.87349663,79.32553796,89.54398219,16.21274403,50.34471618,33.51590265,21.59401942,73.29451357,20.03348575,87.00240618,91.47597368,35.5683014,1.359744478,30.98729506,96.85405583,70.86377671,d
60.78509348,45.92442979,38.68719513,97.51416807,37.54940439,33.14952148,14.90923783,56.62666914,96.00541142,62.4679697,52.48644986,64.0328961,95.09158737,5.887768317,70.14996734,37.60399524,39.31543753,56.23343786,59.70903968,d
76.56636705,25.70100599,62.03482454,54.69807581,62.55099019,37.13634462,60.0683372,34.40016477,88.14925812,25.08518287,40.04282878,86.14285465,59.4371793,83.13924478,26.51595981,45.92536013,59.21090235,29.41162201,26.85555602,d
57.2958437,35.34469853,52.26697034,76.23431966,34.49591485,20.5280951,55.91327821,70.39446071,96.60732822,69.57847869,62.29841379,30.17045429,79.53754754,95.40395848,42.40135737,72.32427617,56.72113358,78.22727685,0.585243422,d
41.73028262,35.5287548,11.30532481,78.1538727,92.05786275,76.74751669,13.11768626,29.78211169,34.4980042,29.04831505,48.28242871,99.20943391,44.99155332,81.09740732,10.92807884,22.27947392,81.61678934,28.76292749,97.52921699,d
55.15575384,89.47420481,66.29075424,17.95252952,98.775108,97.52815804,35.34913031,44.87890966,36.27636262,81.05331404,68.0975337,54.82969625,15.19492215,88.78168608,85.95192522,4.424465013,81.50173213,90.24142576,66.20931382,d
65.18824186,77.53764467,51.41683079,40.11431873,77.69668332,30.97573151,17.44645279,46.18391354,90.48831668,92.34491113,1.67885749,37.99597595,58.66446072,25.56756157,59.29488392,6.411622348,71.20579882,23.19392421,99.50921804,d
65.73978405,94.45401471,33.58904302,42.82251991,18.67296905,50.53851681,57.68280581,20.99046479,57.4329237,34.28318805,28.10950313,1.026509746,64.45396026,20.27741851,82.27532068,38.03153622,56.71172473,86.63790067,59.17699524,d
25.58469179,73.74937764,92.17848298,51.46635377,77.80598381,71.93678478,1.992875109,13.71655295,39.25224388,93.73468142,17.89916947,24.46737842,79.97821663,65.43572011,53.42088548,77.15880809,87.88832186,51.62424205,40.00696134,d
48.32766693,56.43754686,53.16792736,65.16813589,43.10715953,31.65246566,50.5364621,20.55699915,48.34263818,53.19687954,70.55771933,41.05648078,1.452365273,5.866479419,93.33330127,21.7745705,21.8029885,41.04040691,34.25095136,d
58.75587713,31.050135,12.22932874,86.86157406,77.39170419,84.96898517,75.45869642,65.84777534,25.1367843,14.89759956,72.03036066,66.05922173,85.15859244,28.17466614,89.68519518,97.84310199,90.88288314,48.58954388,81.18761092,d
4.114509,34.21049918,77.41551665,43.72068908,13.54926759,4.525352513,51.96388947,43.49365653,37.6925583,39.48680272,9.789971358,68.61637394,33.17113328,99.34087429,96.45065585,41.44784906,51.78981462,97.08882696,60.84154033,d
22.39922077,25.66665511,2.155519153,84.06397118,62.23381587,20.01734884,28.64776105,26.82787017,5.147309865,25.49735461,65.28172912,80.55700974,64.59082697,72.61680552,12.57874323,5.443038612,99.59253748,13.42412415,51.84732611,d
77.86116279,56.7281667,68.47757607,34.29697977,21.50732211,18.64601489,1.103232093,46.76554713,78.55786623,33.84425848,68.71358919,95.28949253,61.73038466,27.87243797,92.79433814,68.55799685,57.2389304,32.91152527,96.88847251,d
39.84715145,53.38582799,71.21783227,73.96692557,42.6655688,3.792446527,54.21882249,25.56536161,34.37907446,86.66491027,15.72410351,30.94881819,18.24199233,9.973218455,52.34253046,45.77213038,81.47821024,40.01398436,35.29482692,d
61.90314063,4.121206677,61.48964581,95.90490269,11.63628993,50.51648868,41.7619451,49.89906552,51.50397624,32.03153687,17.86831703,91.81978928,84.67082762,68.78842598,7.327785684,4.165846011,73.14726938,92.69462716,30.81671081,d
74.51696483,3.40030091,84.41921168,73.04172889,46.27907186,3.31075996,52.10724349,4.121876518,30.42738336,3.214016828,55.68387843,84.09389057,37.63830254,98.58045394,49.62333213,37.39610215,3.229736774,87.50641252,63.30173598,d
19.69638811,34.67036441,54.48401545,62.80588247,79.19964512,70.28349251,73.35747551,61.36597554,92.1342045,65.52291285,37.45614441,24.86176247,71.16036684,23.82691212,10.3079277,98.96199867,38.02203694,53.5353522,40.73012032,d
4.472515817,88.92269497,25.57504412,7.920510444,43.52427862,60.47856397,81.42468329,33.95281893,87.20813448,5.306786994,5.641014226,50.12743445,14.6380026,66.10775581,4.824562609,31.58081192,60.10426481,46.7691007,91.1376539,d
81.10718049,19.54101973,21.75136791,65.80723993,56.50894205,57.32452026,34.12912516,34.02738841,85.14722059,2.129071505,62.79539054,98.95529569,11.3024269,44.16467403,60.92453054,64.00242574,63.42235191,3.564060219,54.30115377,d
69.82543618,39.32348925,13.36936924,18.16538662,44.53748339,62.70980802,5.437603609,82.18240609,39.26856337,80.77232012,32.67978706,24.69331603,48.74545547,56.21334347,21.72809845,77.65315925,59.92921109,20.43665808,33.6751697,d
90.80573907,62.76712772,3.25434137,78.75764447,59.93334558,7.665245536,14.36106658,50.81578383,15.16054046,38.47298023,55.61650521,18.09854099,7.48475717,44.07155626,39.09214253,11.48873551,39.84106108,8.666326857,10.60470114,d
53.98011613,48.34335546,16.83619055,57.90218421,46.00080031,71.01350747,71.00787531,78.65747146,82.82996678,71.94330132,42.78160669,20.38333695,30.42343023,51.49056883,31.91148811,62.06344977,50.12079143,30.12808909,59.77821945,d
12.25215217,57.10267113,2.262604347,38.93006955,29.3851653,45.95323446,47.02029547,62.30762206,20.56347185,67.65420515,87.77943569,69.67801526,11.23933914,87.46600397,82.82857071,26.21001455,18.32316953,39.63147135,85.05765092,d
78.55893127,99.23482899,55.6746889,46.1295674,90.40833686,19.97381875,18.67845858,10.84262502,38.50002897,64.56331371,59.77160411,46.64557883,67.93181763,89.82005962,30.71425397,89.47325058,28.1366034,71.02891003,42.55337644,d
35.21434519,93.47158897,82.36357364,19.93012032,13.52355433,90.94933516,88.55007782,32.96715499,28.70420224,17.82878424,26.04500828,64.25670424,88.78455046,60.22479983,97.44751145,48.71124853,1.878406499,76.31936302,64.24334592,d
9.221828988,38.49042486,75.71176718,30.68771657,98.94022954,59.67698647,5.764032748,85.34433258,15.03980641,25.8169101,41.8423857,62.69259873,73.74114071,62.33235829,81.58799066,19.10280047,70.5852182,48.62445918,71.15850876,d
70.83614015,88.88229536,81.71580145,54.26386784,92.2400941,30.25896283,81.24730916,58.56862973,15.16592555,34.74482936,30.73957554,2.41890271,16.68196583,25.58944108,52.83384265,89.39534294,36.02813705,9.683441835,34.79260112,d
18.15709117,22.17219212,36.39724677,75.09534721,71.32790265,96.71789071,26.28747418,35.29299596,56.55264429,15.12110332,6.558772469,81.21745213,57.75591557,56.86997065,37.49480643,42.86505447,85.28259542,80.97018828,12.99168619,d
39.84686024,95.19481122,32.4046988,94.05973145,60.6484049,68.25614432,6.201389816,67.48431429,4.164400049,20.2555254,96.52756649,82.72706042,31.63506849,57.10372602,46.05508432,0.068835578,14.84904751,0.059820257,86.26508877,d
34.20199928,61.66942728,57.32224763,92.51477347,20.68171135,71.13749893,58.61353126,91.51208068,28.73661174,86.7303625,42.90510926,39.75181584,80.45692205,72.32956319,27.75365654,70.71957866,28.09943246,76.90957202,49.97084313,d
14.16128806,42.37078576,67.47256713,26.38619231,93.328367,15.56236137,77.09510353,52.66472333,55.6263842,20.99969415,69.03360051,11.35378797,57.95918134,98.65122657,0.615389131,77.54966018,41.38427092,98.16900191,36.22156195,d
11.35126656,66.2882115,94.02906431,9.892143186,62.89266015,22.36981506,83.42102793,75.20845309,15.28432841,18.49604876,31.93397524,91.93732625,41.93855991,58.5830699,47.41347493,95.76447819,43.73520928,9.305804957,88.44324415,d
53.62923782,32.99023648,3.629355959,79.76317552,43.38453511,1.239028545,25.41494636,76.5537966,37.17528222,71.62707301,47.02677912,31.34821877,93.84814341,38.68786258,10.2725604,26.30251006,51.92517357,5.255486152,54.1999004,d
32.50289863,25.10789001,43.34873259,33.58538917,4.839750809,51.9277022,19.89157353,0.37990263,65.58544718,21.70653717,28.50900294,33.69614372,4.339419213,4.054599959,96.69597012,20.5427362,85.15689415,40.49005518,98.75348278,d
29.51512292,38.06017358,75.59155455,14.39757357,29.14205657,40.99519146,16.52309061,34.55215148,96.82041375,95.31397535,22.5696412,25.97835326,69.14919434,32.89088216,12.94507696,78.88544757,31.25819951,70.52669983,22.87872448,d
60.80896485,6.267373256,78.33368541,80.18274054,0.439099666,60.79469817,41.39476084,37.8614965,26.42861467,2.2506271,47.92403802,36.64282844,35.89236076,45.07083667,28.17241024,81.90325966,80.36578478,40.27983844,40.42194944,d
55.38885507,88.28131343,85.86241229,43.27214221,48.56310431,9.43075909,10.62369347,67.18362032,79.06927351,26.47052153,49.8550412,51.78781313,43.59747717,41.81897044,92.04021368,35.05296302,35.19114986,84.0929019,96.0727145,d
59.85388308,79.67319325,56.8627294,26.08921662,72.56477813,3.755426064,46.07439118,60.15527464,86.30453281,39.04254723,13.79116024,76.242446,26.15036086,61.50255049,17.59541877,23.99531376,45.39091838,52.77006739,76.92937212,d
1.59429392,16.46128746,27.8074095,97.4480572,18.82561502,88.86928824,19.91277506,64.76267308,57.73891033,62.51437157,60.23658898,57.88461805,95.27490578,40.93933406,65.81915486,6.170393982,85.85071361,69.13369113,55.42978796,d
39.25494775,41.2222977,35.90347289,9.820003929,68.83654094,96.8409203,4.33818246,83.40464441,59.76635255,65.00918926,51.07065485,37.05395604,79.9251369,28.8648638,25.84386647,87.44196107,78.55112363,25.08079054,45.391005,d
41.44464097,80.72881118,5.334429998,81.37534849,83.4232597,23.03548792,8.819119849,6.646255798,87.42959671,71.54998474,97.98951504,88.88055838,10.64028239,31.29888217,60.15131172,37.40354178,22.57491527,95.85226057,32.42572678,d
99.57892436,27.87050757,63.84005217,14.19092082,30.23989292,85.68978213,48.00879689,97.54826853,63.59952793,77.30717594,9.590171646,99.55568162,60.68239691,32.54869101,86.84470501,75.00516064,54.94523517,19.01566077,47.58800685,d
81.6012141,31.11409883,44.7285537,96.13532644,8.260207651,70.1652567,6.880054251,55.82513787,96.16171512,39.43979356,94.06830656,29.21137866,14.7706407,77.0246285,24.43995737,71.70771162,13.21183309,73.01887702,38.02325103,d
69.91670794,9.734879713,15.29284689,6.551467292,37.95418623,64.81037088,71.34550667,64.50810269,30.67700154,13.3077592,2.949339175,22.71149096,47.49090131,90.13969327,8.793756644,50.2410716,73.31903297,80.25589786,42.64287922,d
82.56266223,40.99653208,32.94938658,72.96610988,48.8618946,8.010303981,15.26967901,37.19222029,57.56359313,84.52897705,47.28976705,25.32675458,87.41241862,53.23823285,70.55716154,82.14493702,42.94534541,48.60015793,61.05368421,d
78.11665995,98.17963287,56.39707652,24.61529805,5.818876058,61.89109191,17.341441,41.12105183,4.706863499,6.516816244,78.52880118,91.28515932,64.45009025,40.05566587,43.24087307,63.84062714,99.68401599,59.92555154,41.98689382,d
61.14972217,48.6605976,72.51405921,80.03271534,10.91364856,95.56922264,72.8721753,76.96226022,53.29714496,68.48549184,48.70982465,71.85158827,46.26522684,11.79844816,42.89344307,67.12788399,85.82164291,74.86544587,0.545552088,d
99.97062789,39.89568188,5.60285391,29.42905062,95.65073722,63.42623546,59.37412146,42.40311855,34.92066049,32.02943152,77.78378713,3.989243749,40.27443545,7.425615042,59.31342566,17.11018152,0.222565247,16.75153069,46.28588501,d
74.84707547,36.08853166,21.04130368,52.78546203,43.58968202,55.30114077,25.11140107,82.47189534,9.540180138,73.07943789,64.41277208,58.53355498,51.64243414,70.04063465,11.9836023,64.83466017,79.0940154,92.25260837,55.163892,d
49.62895321,31.94257103,58.9782871,31.10836817,49.64335725,78.66045329,67.85401395,19.64051813,98.62999028,25.65194612,73.35759916,6.188107974,94.17874534,52.66475888,23.09446467,98.49495331,96.66177658,84.12664316,33.39416287,d
80.71623817,39.0793958,5.104920999,31.4317916,89.53178958,40.92925653,76.60013426,41.02160811,74.80829251,97.20042354,73.74763536,60.94286163,30.85947842,37.48638331,4.153806779,67.43118536,55.42914015,4.394953691,13.3788826,d
43.83525863,63.89846303,51.97779708,68.79542714,11.95444628,71.79670964,82.28830642,80.77108101,76.10958992,25.96072726,34.73601015,35.94286713,27.19320955,38.74702735,38.81281475,44.13463572,40.11732143,98.37250963,94.23187991,d
3.021097208,71.49361653,88.07707137,39.02803828,76.3964475,61.22287327,66.39402502,93.17072544,42.55978779,65.16813774,22.42880883,65.56287308,48.49128774,84.47323276,20.21088825,94.1654534,18.58211859,25.84560405,37.18772357,d
78.74232906,61.1379543,20.79366742,83.12988635,74.67972801,6.143326752,95.89048508,47.57058694,71.9948312,10.52207868,57.03305499,33.82055091,52.10566149,53.37608703,65.37464939,34.6951173,32.70478808,76.16606675,81.4952956,d
13.15364885,56.00327144,94.28875475,39.23811628,62.13028744,47.15327654,89.98106531,85.6735966,97.96970539,55.45117596,10.93252992,17.83291129,48.17081187,86.10697193,72.49707362,3.473019895,74.97177448,64.90664316,94.62831433,d
75.6068635,96.16415767,43.38055214,4.575677661,97.11097777,56.28996252,4.007370637,18.11363378,10.81075047,62.06982519,43.35697477,1.722599862,42.33854308,49.15411514,29.88405118,48.46263712,91.85544514,5.712919868,54.10611642,d
85.50165879,33.19215758,46.55446488,2.335332049,34.73331641,74.70583886,16.96266849,2.35304238,30.32768221,28.74240538,10.78937361,67.21210528,84.68161279,7.795868662,22.91362801,23.03752228,85.202801,41.56836581,63.37456458,d
20.85924208,31.406612,50.15648184,27.16214861,54.16893182,19.39445398,5.371553553,35.42050697,18.34085605,84.09302187,36.33030061,19.75594502,63.82570899,75.15914243,69.25132794,84.43704315,79.43576587,80.63950346,43.26297519,d
96.3195299,28.85653763,13.74514664,84.60960218,26.43135568,88.19743303,15.47070222,1.769179551,66.52411353,38.01195457,55.5441203,87.74404832,6.135046261,95.95724303,22.30096698,67.55788268,51.69626456,4.290632425,25.82481137,d
53.21843476,33.5436094,95.85500714,76.32540331,61.22367867,29.84319628,78.2206708,62.88030606,71.9188029,60.15435105,84.06312072,7.161709946,55.02711754,15.96465083,15.60707006,30.55969477,83.58416879,26.81688015,47.47280602,d
45.19073393,5.733549845,53.89327986,57.02573079,72.91415502,15.07852582,84.94298011,28.17699794,64.5448969,51.81338852,83.46492066,97.44079219,12.87883792,38.13092426,56.68704373,99.59429437,92.99500528,84.60549629,21.78425092,d
79.73135655,5.973136589,11.09063217,9.389744417,10.39253137,23.20501126,70.40290311,90.20561331,36.89719184,78.37001287,63.71161552,70.10172698,28.99746568,41.03239123,59.44894566,67.19400833,54.30922816,40.90146973,30.31756324,d
99.83782051,70.78166274,16.55932039,34.73871834,95.2771971,72.66801259,44.35140117,78.2028678,83.55414034,87.57497739,91.71807137,78.09259115,89.22312651,78.34149888,53.32491766,43.91253677,6.280416748,53.29963689,18.35319834,d
36.80935167,3.930485564,43.02041474,46.99765375,66.27061216,28.08306597,6.286264702,10.46882817,16.21794465,56.4331132,69.95947516,85.50725262,99.18219171,20.8344214,53.87456608,3.236527241,85.95427651,1.216011873,48.92014237,d
82.87656041,88.49079269,69.78933776,91.61368407,39.8985756,91.44140423,54.48618553,36.30405261,55.61947307,43.93462432,84.37688936,80.118346,26.33099746,87.43264752,22.26136697,77.50503753,28.59155163,59.48144873,11.0752754,d
35.54978481,19.52356703,11.83920489,30.87239576,44.92358118,46.68729343,10.05065974,74.14261045,17.69182604,2.761101286,37.33450807,70.21676529,20.77607295,46.54347337,65.33043999,27.25562294,80.45460988,83.94901585,50.81110423,d
49.4321852,59.78703045,51.39604802,84.41144424,51.2662809,5.262294298,26.40445505,8.191563691,71.86729109,48.79071397,65.73970416,57.89973698,69.44921244,64.15231596,58.68090069,1.898130072,1.426914288,29.49448822,16.85637128,d
67.3567302,9.880619918,51.74042711,57.24162487,89.09138017,20.40852449,10.80611586,40.63241461,91.53343305,94.16681156,73.94585362,64.28470735,34.36983792,83.26075506,87.21539476,51.44092638,3.423213923,22.10817385,74.98091999,d
81.70901913,81.62681945,36.2520965,93.31917133,93.44514905,20.62780638,26.4425651,9.973388132,52.9239922,76.98860289,72.93571916,51.36795873,49.86282466,67.77590258,79.11060395,36.48483946,88.6646578,41.35693336,85.17551294,d
12.04865601,69.79652231,63.76606844,19.71071473,25.71858123,13.33267552,86.16910172,91.40853343,22.22710507,95.13788155,59.09090463,91.65725644,88.9292663,56.71585006,66.17688969,8.909043856,63.84676032,99.64543233,91.81020011,d
